O,C,E,A,N,Age,Job,Marriage,Edu,Major,Religion,Salary,Vehicles,Comm T,Travel,SNS,SNS2,Culture,AAA
3.3,3.9,3.3,3.7,2.6,2,1,2,2,4,1,2,4,3,2,1,3,3,0.01705
2.7,3.2,3.2,2.7,2.8,2,1,2,2,4,3,2,4,3,2,2,0,3,0.00551
4.3,3.1,2.3,3.2,2.9,3,3,2,4,4,2,5,2,2,2,2,0,2,0.13559
4.2,4.3,3.5,3.6,2.6,2,1,2,4,4,4,2,4,3,3,1,2,2,0.25833
4,3.7,4,3.9,2.8,2,1,2,3,4,1,1,4,3,1,1,3,1,0.08292
